zstar_avg_test,SPO_correct,ETO_correct,SPO_wrong,ETO_wrong,n
16.850508428220195,1.8056441601584432,0.934265654630862,3.9162696047331207,4.347070294864891,50
16.850508428220195,1.3372176681050745,0.746536174971539,4.30878259510524,4.592419598244236,50
16.850508428220195,1.9344627926023312,1.0188302941720042,4.808975527663831,5.5385366577015676,50
16.850508428220195,1.4267302468485332,1.247081582694564,3.3092226057785954,4.8128988332305,50
16.850508428220195,1.7978608071342992,0.936686379784302,3.5138416661521914,4.0940311712909185,50
16.850508428220195,2.0986741371280617,1.1708523824589523,4.80408615257432,4.89721296742063,50
16.850508428220195,1.9226701864735631,0.9888469215167288,4.111675655851212,4.696761590634595,50
16.850508428220195,1.592824477167949,0.955254294087546,4.337079866782772,4.568080838484017,50
16.850508428220195,1.6303985345969294,1.1321111917427604,3.666868142024277,4.835184017813209,50
16.850508428220195,1.872895354796992,1.1498949750809553,3.507310295680636,4.2865114559892845,50
16.850508428220195,1.5639395661005078,0.8600323946657145,3.924043773029688,4.975796704784417,50
16.850508428220195,1.4557929041860291,1.0367236674756697,4.145352354713643,5.366113142802008,50
16.850508428220195,1.9591466976725933,1.4753486117542147,4.22534207374066,4.929552307437155,50
16.850508428220195,1.8678424425487536,1.2127028773631,3.974402301973298,4.990518597463245,50
16.850508428220195,1.864840705695452,1.0896880511129634,3.961936121063046,5.149247568531233,50
16.850508428220195,1.970296964186914,1.1320641096503563,4.097108448331832,4.3383462377499935,50
16.850508428220195,1.7385076269741766,0.9523518557634758,4.59568932944912,4.474582511670825,50
16.850508428220195,1.636078266516402,1.0373410687613904,4.158065868457529,5.12133638504825,50
16.850508428220195,1.7749978477492985,0.9644952336542424,4.1289794991078805,4.754731494920901,50
16.850508428220195,1.6900551267438335,0.7854150109606031,4.05166541518088,4.993798321043824,50
16.850508428220195,1.630355849933661,1.364374946272994,4.176976514384754,4.776963670082854,50
16.850508428220195,1.9465053319738377,1.0575348910233828,3.869443678369638,4.669402138586057,50
16.850508428220195,1.4161776824047565,0.6804382452229226,3.783040003728255,4.260244170840704,50
16.850508428220195,2.1767894996138732,0.9981930084675515,4.962602974032626,4.888355803971514,50
16.850508428220195,1.8960940986152928,0.9239550611516624,4.366334255310466,4.809533727417676,50
16.850508428220195,1.524008324807263,0.959618937163736,3.784722108273934,4.847412291746089,50
16.850508428220195,1.9275997057694705,1.3354412833191476,4.155426434398781,5.14793411426586,50
16.850508428220195,1.7361503521544746,1.0409866627846545,4.725872935692007,4.98315167376678,50
16.850508428220195,2.6070656717670024,1.1404514887768729,4.1506927454229094,5.128153697645598,50
16.850508428220195,1.7426414030426531,1.0584208679498182,3.780909759659368,4.794384687680268,50
16.850508428220195,1.8240239583843767,1.0701850874810903,3.9272892451550594,4.614494471199117,50
16.850508428220195,1.458806241511516,1.242965733298918,3.7373658011338353,4.205016773644985,50
16.850508428220195,2.131810317086942,1.1006098171819625,4.621323737428393,5.293332343218256,50
16.850508428220195,1.8361025134477031,1.104752593541979,3.8279872481001074,4.669148083892641,50
16.850508428220195,1.698337693635981,0.6827414342754832,4.186535698971466,5.3610633857011045,50
16.850508428220195,2.086169111424543,1.0870608712802283,4.145009518065966,4.603155840898113,50
16.850508428220195,2.3367546387718052,1.34034075378073,4.1762599338665884,4.7334899580955545,50
16.850508428220195,1.7730953057200054,1.407687852515345,3.5045319683132106,4.6127113274157,50
16.850508428220195,1.806371478586384,0.9287909704831352,3.7910785675631655,4.251699324236557,50
16.850508428220195,2.101558857498756,1.11671584117491,3.691191274435515,4.525213773105644,50
16.850508428220195,1.9784538381709744,1.6076137800229198,3.928558220268049,4.526324860013643,50
16.850508428220195,1.7986668837794493,1.1953612423295816,4.364908675182608,4.785954964806795,50
16.850508428220195,1.6242853876590084,0.8961193374243971,4.418405070111681,4.6446170023567,50
16.850508428220195,1.8780398485657923,1.2299786773389083,3.924186430730125,4.62017613538439,50
16.850508428220195,1.311284160707615,0.781858422436541,3.7594998321295265,5.216756642800152,50
16.850508428220195,1.5473293954373446,0.8881488079989491,3.732139450675058,4.421094902065323,50
16.850508428220195,1.9651979470659495,1.416016109962216,3.761825890953474,4.160298825151844,50
16.850508428220195,1.751873872677582,1.062121394188405,4.25767937503419,4.995823152609169,50
16.850508428220195,1.8539472017864151,1.2172726293672802,4.324010573438294,5.115745287075473,50
16.850508428220195,2.1777256697699903,1.5828831603573357,4.085715301408233,4.253383634621484,50
16.850508428220195,0.911962211969256,0.3062778328015104,3.502873442668151,4.336863565842983,100
16.850508428220195,0.9302235114377584,0.30750009081672963,3.2705556759359955,4.514323618857722,100
16.850508428220195,1.0289852292969852,0.47107428511465577,3.753257340969259,4.710286609416346,100
16.850508428220195,0.8673478910698544,0.6320050294457559,3.76009508109605,4.232096538614275,100
16.850508428220195,0.786069791574881,0.378388877369063,3.106405991672721,4.076487430580004,100
16.850508428220195,1.099875870870202,0.4730323711432735,3.418708356664349,4.212988912054051,100
16.850508428220195,0.946110056160889,0.22112860870578177,3.597091706023246,4.166337432729749,100
16.850508428220195,1.0559763368520805,0.4235887794322098,3.067737080618548,4.004105155335316,100
16.850508428220195,0.945433889219946,0.3241044236952266,3.537956842553122,4.825205254193292,100
16.850508428220195,0.9097023525436668,0.32755868930428267,3.185649171299416,3.7611629970788374,100
16.850508428220195,1.0770212796346583,0.3536135759155073,3.322833721740846,4.583349251969078,100
16.850508428220195,0.9122925580242778,0.34880027501183025,3.962321831481903,4.6097467362396625,100
16.850508428220195,1.0972994882006968,0.600699416211381,3.3079989512069488,4.4364247883792824,100
16.850508428220195,0.8882508760642004,0.41311236559573256,3.4587379076884206,4.749867506585885,100
16.850508428220195,0.8764210713023749,0.4634098569116225,3.150944396092476,4.151228551807948,100
16.850508428220195,1.0698659664011183,0.3873971381782947,3.525786198998901,4.526043295375831,100
16.850508428220195,1.024787261145698,0.38130067690960834,3.838927504329596,4.455698086526079,100
16.850508428220195,0.7653688783723991,0.44392395602100726,3.6532146703065496,4.748677493096185,100
16.850508428220195,0.9032852967375344,0.31015859235935983,3.28897240186454,4.238239999745943,100
16.850508428220195,0.9426745148307972,0.5257495280576783,3.4474096035557755,4.40634767698138,100
16.850508428220195,0.942385444534416,0.4547209847699667,3.278062143254051,4.2587429351267385,100
16.850508428220195,0.9003777352819554,0.32229684431749567,3.461900080122681,4.2524860865818646,100
16.850508428220195,0.7581597897405775,0.2902795312926203,3.285263366226576,4.197470069107082,100
16.850508428220195,1.1096618142698391,0.4400134473837259,4.127929544751206,4.33212733264639,100
16.850508428220195,0.9628190845843204,0.326215527574992,3.4652199143550044,4.416145918082405,100
16.850508428220195,0.8032611720057676,0.38465547554240614,3.505104130234756,4.699298480187293,100
16.850508428220195,0.9083200130906004,0.4275484352497184,3.402544708100461,4.001483688084712,100
16.850508428220195,0.8187079427805951,0.48330967316869794,3.765657098788103,4.435328723844074,100
16.850508428220195,0.8605801808750226,0.42308127597654566,3.803168229682946,5.271064831833618,100
16.850508428220195,0.8387215819841376,0.23557699350442016,2.9872138543490125,4.509202546435606,100
16.850508428220195,0.9270450234258288,0.2768236423039133,3.5949895879590956,4.194091921610916,100
16.850508428220195,0.7407985643397996,0.5709241852447691,3.522109049895151,4.23385539187679,100
16.850508428220195,0.8707329702872079,0.29648199142731513,3.1949457356156294,4.309286199426252,100
16.850508428220195,0.9787905867294804,0.4005473127768591,3.63496056019787,5.548047269819842,100
16.850508428220195,0.9509221394152416,0.3921426350451975,3.756124277079435,5.672575964085682,100
16.850508428220195,1.0066635780254494,0.5814229160337988,3.843456708637651,4.194607368843934,100
16.850508428220195,1.0650609956988837,0.5288449486750797,3.8912225975947514,4.764259218485923,100
16.850508428220195,0.9899826327375904,0.5554523944171308,3.396922076824045,4.766299616035471,100
16.850508428220195,0.8259266505468195,0.35608547657726797,3.6589319488874383,4.5643932746814935,100
16.850508428220195,1.144696236826696,0.6487932203251395,3.380082226226025,4.114710242737213,100
16.850508428220195,1.1195601478263897,0.5140633769827008,3.412067468291399,4.260615189663674,100
16.850508428220195,0.9565501680164564,0.4211045319281342,3.4009833738954125,4.338620809470358,100
16.850508428220195,0.7423453364645316,0.2646590233306781,4.0410233818879435,4.174644799493854,100
16.850508428220195,1.0296622368490314,0.4737588559307617,3.4204307552553126,4.15968205761082,100
16.850508428220195,0.7054901673477931,0.2625794849351726,3.383094034891566,4.5085489659442155,100
16.850508428220195,0.9311862257150516,0.31281554503003584,3.0658346345809893,4.5434898075383705,100
16.850508428220195,1.0842912740721955,0.4689315590343165,3.492303162960602,4.071928495074557,100
16.850508428220195,1.03102722446486,0.6092998004094295,3.918020416278581,4.135767924628109,100
16.850508428220195,0.9420264021643882,0.4489988289789677,3.0687439077588063,4.339413148812038,100
16.850508428220195,1.0554854635520865,0.7163688870276559,3.3231367019617974,4.599068631413328,100
16.850508428220195,0.49514313938566695,0.19096945551308975,3.551850316674831,4.075782232558983,200
16.850508428220195,0.5108686747387048,0.18038139457533017,2.9334651817064574,4.023580560719023,200
16.850508428220195,0.42650663090409935,0.11874568640177165,3.1279730564934902,4.285025449265938,200
16.850508428220195,0.4488280259574962,0.2127868248932802,2.971115248681266,3.9574872326005583,200
16.850508428220195,0.5278546753036821,0.14586912661132156,3.131239364877416,3.9519328585306104,200
16.850508428220195,0.4510837528827733,0.19282333389599587,3.364476272542328,3.9528362374226287,200
16.850508428220195,0.5806263116954559,0.13991260474552297,3.573207293262957,4.217210023478977,200
16.850508428220195,0.4995075601389633,0.13718042852223872,2.908351645873196,4.6143572408588795,200
16.850508428220195,0.44444078963175015,0.07547150847456628,2.845694850777958,3.9490279358724303,200
16.850508428220195,0.41062402629212064,0.21093563585946343,2.870392298585792,4.115178064917965,200
16.850508428220195,0.4889851376648708,0.15263417070867807,3.0278264180370504,3.969162586906773,200
16.850508428220195,0.5297676061721981,0.17046387129547122,2.799102502693876,3.8814085812699486,200
16.850508428220195,0.47269034424829226,0.16644776617229212,3.1862168110135043,3.956934431046363,200
16.850508428220195,0.6058481788791282,0.17018786880931516,3.0320548483333685,3.9982670024871614,200
16.850508428220195,0.461456878650388,0.29812234648213826,2.8645106256646846,4.011534337958446,200
16.850508428220195,0.6143807488843974,0.1460988645784867,3.193760153876528,4.098609199615106,200
16.850508428220195,0.3947173410561623,0.08387685827107746,3.5034747162057007,4.213475135980562,200
16.850508428220195,0.4193121205793795,0.1634591321621882,2.9028868524645115,4.17670685140337,200
16.850508428220195,0.4504691671010051,0.11452919867835792,3.073121679255475,3.9200551721763097,200
16.850508428220195,0.5110473417904245,0.16726419423723343,2.908542107233458,3.977678833054058,200
16.850508428220195,0.5224155895558464,0.17412958474135035,2.8700681204228253,4.152602729715919,200
16.850508428220195,0.5051029732523062,0.14932205353387218,2.875824471707354,4.060335877617079,200
16.850508428220195,0.5487701600658171,0.2249986901600545,3.208457030536806,4.720869603290246,200
16.850508428220195,0.5359330043331996,0.12973947057923305,3.5663914254739697,3.8576045582859786,200
16.850508428220195,0.43537770319748026,0.14664260679361263,3.2178404805022014,3.811551627540018,200
16.850508428220195,0.42125819718650925,0.1383949734942175,2.735471693204119,4.265242936061644,200
16.850508428220195,0.4118788519420668,0.14582218993494458,2.883503999671042,4.033387482229344,200
16.850508428220195,0.46804165822533167,0.2250626662164203,3.6579468554020664,4.555533006145823,200
16.850508428220195,0.3087989963013765,0.09468333710035864,3.159982923297989,4.4470766090261655,200
16.850508428220195,0.4560820124959084,0.10740578893531512,2.7388118268632033,4.019978694832902,200
16.850508428220195,0.5110766307731726,0.11169534660557834,3.2245840976850255,4.125794016914524,200
16.850508428220195,0.3450998904662424,0.20950326294829216,3.1352622670319694,3.7750246087939345,200
16.850508428220195,0.43026756887634254,0.1311892084335352,2.8752730226973022,4.301521052927044,200
16.850508428220195,0.5289996071885633,0.14399072841466137,3.2007598629304734,5.07647609026293,200
16.850508428220195,0.4706062410006837,0.19615647017070145,3.425576460346317,4.43915457814449,200
16.850508428220195,0.4363318779738189,0.20207901082150115,3.0022938745890757,4.157029374422533,200
16.850508428220195,0.4407316083937756,0.15081386254856322,3.289054444739709,4.1219402767366065,200
16.850508428220195,0.5139148841728542,0.18011512576509428,2.93500345864191,4.306011698662886,200
16.850508428220195,0.4226084187256912,0.1566150381504289,2.9160677350277844,3.960563032565437,200
16.850508428220195,0.46880866221307527,0.385621747414951,3.091612369470518,4.303571782046032,200
16.850508428220195,0.5465609879069201,0.33101855138372294,3.0257002052377744,4.072438956994626,200
16.850508428220195,0.3966347796446365,0.1354936905308873,2.863795861244015,4.135602555942523,200
16.850508428220195,0.45869447572978406,0.14267192406113507,3.1901322302207284,3.8293395620630304,200
16.850508428220195,0.5544120940263806,0.22741828022375893,3.0610375492193467,4.30033643308573,200
16.850508428220195,0.4347488759692121,0.10150191448891369,3.00716265289306,4.456822658808882,200
16.850508428220195,0.48442917283737624,0.2341564208884403,2.965034529572536,4.453480806048544,200
16.850508428220195,0.508057527535892,0.15622320649001084,2.8618827420573285,4.073600854544345,200
16.850508428220195,0.44183655851839376,0.22974267585745176,3.0003782185306527,4.0123363214094185,200
16.850508428220195,0.4967843860457381,0.2288555394419753,3.1547570500357827,3.980468727108972,200
16.850508428220195,0.5731234246663022,0.2959180098716085,3.1265778141691025,4.437297479775084,200
16.850508428220195,0.33340809766248486,0.11535454563906458,3.0577580716700563,3.9089603486553393,300
16.850508428220195,0.3453437413110179,0.13584065434038983,2.97964931283262,4.019918697355541,300
16.850508428220195,0.35159380029214093,0.1242208781394475,3.0148001344636692,4.047616215677841,300
16.850508428220195,0.316155753419364,0.1256283674130685,3.0088708116356533,4.052461714761359,300
16.850508428220195,0.32384695778013245,0.07908562858186985,3.015372609023748,3.680636913634704,300
16.850508428220195,0.3424362463328668,0.12243548902613288,3.037768490241001,3.7335418939002696,300
16.850508428220195,0.4126524396372323,0.09185965227759546,3.3344455481521096,4.085163621223832,300
16.850508428220195,0.2674888642661698,0.09345481990647134,2.9877409496851373,4.5245542309003675,300
16.850508428220195,0.2666998073377337,0.09730556990237917,2.8283114864359336,3.815726697253467,300
16.850508428220195,0.24967726012326685,0.15264253253826884,2.7831128552759825,3.9860906065340984,300
16.850508428220195,0.3396926484379072,0.098295300861835,2.8680171869019015,3.848084131988119,300
16.850508428220195,0.37144311097390265,0.11186087870427334,2.750455046623977,3.6737098872191303,300
16.850508428220195,0.3824997422517912,0.09598935329083176,3.1727522927307614,3.984394104717337,300
16.850508428220195,0.318560963608593,0.11347759456210228,3.040097845732029,3.881590803226937,300
16.850508428220195,0.3381780538568831,0.2134533767249495,2.8035206090442935,3.884775774609573,300
16.850508428220195,0.4548428520426447,0.10413877824034912,3.151990372669348,3.9030610955309553,300
16.850508428220195,0.2902724065393517,0.10915529029772184,3.2489893703042423,4.087679941714962,300
16.850508428220195,0.27611984713831467,0.10479331768705144,2.8869972463340963,3.935004348991245,300
16.850508428220195,0.24268117043088763,0.06673722663401034,3.0489920857680795,3.932867238898445,300
16.850508428220195,0.31219510955891966,0.08914255129122593,2.8003735073757197,3.8221652306654454,300
16.850508428220195,0.32443112622418546,0.10508303938143344,2.777186861715047,4.019727892863257,300
16.850508428220195,0.27308849693282095,0.09297943082586203,2.8285344497420044,4.062697098127337,300
16.850508428220195,0.3899904621554247,0.14225849790058293,3.0935679034588044,4.533233330594547,300
16.850508428220195,0.2916935703058136,0.09789712574592428,3.181699238360655,3.814325166472287,300
16.850508428220195,0.3190032181736054,0.0962572411779132,3.1039596419358446,3.613757255783449,300
16.850508428220195,0.29531949644910443,0.08114508179803598,2.7757623512483605,4.01409010429052,300
16.850508428220195,0.26867507714479766,0.0932813213738576,2.8234894404460107,3.924035646865303,300
16.850508428220195,0.30553518256271783,0.12412868660328254,3.004740259301807,4.342747954070043,300
16.850508428220195,0.26741008435596,0.10710533514369892,3.264917569923025,4.208761467421223,300
16.850508428220195,0.24841671017023015,0.07761876504611485,2.693435622060754,3.9609104483115423,300
16.850508428220195,0.2931157196320246,0.08348614980426802,3.002188940683749,4.1748373534805685,300
16.850508428220195,0.20437448870962396,0.12416119897696294,2.846045950911745,3.6727346640881944,300
16.850508428220195,0.2551096266754236,0.07642404678061468,2.8814983139380903,3.9599066124162134,300
16.850508428220195,0.3470057464213795,0.10422490522998087,3.261836282084241,4.698955866524229,300
16.850508428220195,0.28248764998667475,0.12806151003838998,3.2384837729376175,3.91384122876935,300
16.850508428220195,0.339003300186396,0.1439040862518537,2.9659649054415715,4.023704165932783,300
16.850508428220195,0.444545097537561,0.09793414104782629,3.2441169825481575,4.093921384473698,300
16.850508428220195,0.2863314966187776,0.1205564248561069,3.14089250568432,4.030758241951927,300
16.850508428220195,0.27560851590619406,0.11310136760736823,2.884416289834129,3.876404684139027,300
16.850508428220195,0.302517874305434,0.2109037584739304,2.92436706515088,3.816351742063496,300
16.850508428220195,0.505042280788348,0.1929480888926473,2.949250275705073,4.112273150744742,300
16.850508428220195,0.2251741794255782,0.07925600924611144,2.9614239376095366,4.034039541855174,300
16.850508428220195,0.3363456718773714,0.1397005405764387,3.0471226749712166,3.9478616031847977,300
16.850508428220195,0.3637112933264453,0.1450837288178394,2.8894368192018143,4.152516936362916,300
16.850508428220195,0.26638024935756405,0.09112883401844384,2.7664769668737814,4.310655774801613,300
16.850508428220195,0.33168268949841656,0.16993011907832714,2.9721821952194585,4.204590484730161,300
16.850508428220195,0.28373806021243014,0.10128423444542238,2.849260749504962,4.0206773047883075,300
16.850508428220195,0.27377891791671943,0.14336636021082505,2.883284049186208,4.043108002004032,300
16.850508428220195,0.3135479782310793,0.16759697544020538,2.9653568202039757,3.7416546830541577,300
16.850508428220195,0.3388682531855597,0.1467327570629942,2.9970075662700095,4.142259033042996,300
16.850508428220195,0.2737827962891702,0.08225973393246679,2.956988938148081,3.8093732038314703,400
16.850508428220195,0.23257250229242524,0.08021211412322499,2.863510204761075,4.114446999504701,400
16.850508428220195,0.23056360382255336,0.08361305778434684,2.9374227624547573,3.912423920457676,400
16.850508428220195,0.2439759732697273,0.09004241030188415,3.074031923481531,3.960079052909893,400
16.850508428220195,0.26200085329198736,0.07070219858433566,2.9389493177657857,4.014576387854084,400
16.850508428220195,0.2451594202759913,0.10167513062868544,2.92485631795031,3.5450308003651343,400
16.850508428220195,0.25821287366593676,0.05842778590063947,2.97694452590086,4.165993621527826,400
16.850508428220195,0.21831243494931124,0.06814548030633616,2.8637219291277844,4.309608748694213,400
16.850508428220195,0.2069664982546371,0.07255442132943175,2.7490456168695343,3.826400477222624,400
16.850508428220195,0.2054297856074342,0.09710501128914316,2.811220139129879,3.9267790719539817,400
16.850508428220195,0.25544781430706937,0.0564584672460602,2.773082725362488,3.6829123282024097,400
16.850508428220195,0.2809596766899698,0.07209250856008244,2.7917986730659035,3.607318394075053,400
16.850508428220195,0.24427378971008631,0.06661672054767856,3.0117432960005206,3.924934440155381,400
16.850508428220195,0.19962197842962656,0.05899446840179029,2.9539835455568233,3.7600815728996504,400
16.850508428220195,0.22010554286174305,0.097201392136787,2.839461158205345,3.976991933115718,400
16.850508428220195,0.2769117329544216,0.07310388727758124,3.0525610883054477,3.838783015765692,400
16.850508428220195,0.277126632496395,0.07760516309535787,3.006841669130161,4.00098859825076,400
16.850508428220195,0.19781353908010368,0.05684834542265092,2.783906281993066,3.936089529887525,400
16.850508428220195,0.20645190434832367,0.10129924733403796,2.993701525167233,3.90660822407371,400
16.850508428220195,0.23154240345815505,0.07607537801343542,2.77764711768964,3.799461066837156,400
16.850508428220195,0.2409924925768772,0.0857295869418406,2.780409653380179,3.9455887087273025,400
16.850508428220195,0.20092041951296183,0.07583437720359255,2.893142843531699,3.974460100025062,400
16.850508428220195,0.3052465347712378,0.2212828347489793,3.0026363451955005,4.301044566432673,400
16.850508428220195,0.27091823505454676,0.07417768801412693,2.961075051807432,3.722623911477134,400
16.850508428220195,0.2459791435251577,0.06578402378520368,3.118756163772062,3.613578220177205,400
16.850508428220195,0.22203119176886343,0.07249637423457679,2.8015310021037303,3.8928415664025393,400
16.850508428220195,0.22343854730184823,0.07113773752930093,2.7680336570389996,3.8412631992180426,400
16.850508428220195,0.25321333921916217,0.08478958363003207,2.9144451912743317,4.154164764165612,400
16.850508428220195,0.18367294764268097,0.07863218608794731,2.7528649001777317,3.75399775261974,400
16.850508428220195,0.2856075559931856,0.07130146560162877,2.684663553946005,3.941121197644389,400
16.850508428220195,0.20969184239161712,0.06364492971820296,2.9373527419058116,4.030859794378777,400
16.850508428220195,0.21991489810147105,0.10069527229929848,2.8560795391014473,3.574808326437843,400
16.850508428220195,0.2220213204070319,0.10995758155261733,2.8445422576399944,3.886580731519095,400
16.850508428220195,0.244661746672677,0.06995475724544217,2.911103546483912,4.364877954867253,400
16.850508428220195,0.21992379519844327,0.08935174839545679,2.930595346544184,3.66323432954281,400
16.850508428220195,0.2250073616061215,0.09593773247635368,2.87928066470685,3.795589521260107,400
16.850508428220195,0.3439050120139068,0.0578041403640583,3.0715716099865973,4.075147486649315,400
16.850508428220195,0.20098080054408343,0.08238197224593068,2.994722121832855,3.939551485087617,400
16.850508428220195,0.2069519534061652,0.05572231033330271,2.696308860529815,3.825313560804994,400
16.850508428220195,0.2311547997506062,0.1475715719690848,2.9877420572708457,3.7385806991974606,400
16.850508428220195,0.2737012155631926,0.11302257002441098,2.8581271671965913,3.8064048566055986,400
16.850508428220195,0.1794090857891219,0.06558882037003738,2.8270944821425754,3.8817069369513586,400
16.850508428220195,0.2891695905117535,0.09863737305844306,2.902439896097944,3.975789205014363,400
16.850508428220195,0.2553856545028243,0.11377490086218238,2.766044887020494,3.8437634286157665,400
16.850508428220195,0.27083818708638985,0.06156480872642768,2.759581581949089,4.02094560157416,400
16.850508428220195,0.26671349012635126,0.11502486875833157,2.827204483254737,4.059232889562798,400
16.850508428220195,0.2480846261503895,0.07083373194981622,2.8824139202374246,3.846526202232963,400
16.850508428220195,0.22492205976438176,0.11692771685612303,2.915705732040545,4.064035246250418,400
16.850508428220195,0.17772615453834278,0.13581729140359347,2.93342079344454,3.467913274653739,400
16.850508428220195,0.20439597595856648,0.10405592922938885,2.952648158903876,3.76073353571198,400
16.850508428220195,0.23218595000553105,0.06364068384775293,2.900749075215923,3.7649188859458302,500
16.850508428220195,0.1790776899563752,0.06030189063604339,2.774663634205328,4.068923280342346,500
16.850508428220195,0.17215100877044423,0.0972234200799642,2.9666793613801734,3.819111211270348,500
16.850508428220195,0.1836904989628741,0.06953760215835775,2.942338037271214,3.7658714266905178,500
16.850508428220195,0.2195973613157466,0.050779556858252,2.86540850902761,3.924358005327676,500
16.850508428220195,0.21270833968293767,0.08047466052188006,2.8278321438984673,3.596786011554309,500
16.850508428220195,0.2102991901492416,0.04021212591741741,2.904141010412011,4.09991817741436,500
16.850508428220195,0.16646940235213217,0.05023076210729083,2.8925965297356138,4.241116479363361,500
16.850508428220195,0.19957800921580207,0.06702266340208934,2.793448868781095,3.682783502831206,500
16.850508428220195,0.1614467280805804,0.06136623597902371,2.833005210579412,3.908987141043973,500
16.850508428220195,0.22398401149823496,0.05940140588392479,2.804597625199885,3.678255484774987,500
16.850508428220195,0.19737792341153468,0.0512805043292712,2.830157618719651,3.6414045301226463,500
16.850508428220195,0.18158394830075955,0.05546703247014368,3.0423337648130686,3.857345078010411,500
16.850508428220195,0.1819811392496508,0.04357383050018389,2.8537663131898188,3.6962390539035463,500
16.850508428220195,0.16493772505781268,0.07699480897974822,2.94885836759221,3.8304276772801806,500
16.850508428220195,0.21112564611852216,0.05166631138504472,2.822858617152098,3.807783806685652,500
16.850508428220195,0.20254662945859392,0.07940195973245745,2.954315812487085,3.830118421777255,500
16.850508428220195,0.18401458979188268,0.04736180236376837,2.741088208504477,3.8109710983474057,500
16.850508428220195,0.17399256042084016,0.09112606592051511,2.86420637700977,3.840332146067511,500
16.850508428220195,0.2232230535520277,0.07494162041222233,2.8433926044039,3.846819361241904,500
16.850508428220195,0.19411642194381015,0.07133274423804996,2.7396598454329024,3.780182821034835,500
16.850508428220195,0.175379300037854,0.07451707659936532,2.821532275197453,3.9992562379070375,500
16.850508428220195,0.2134992405065965,0.1654719792392993,2.8635039497574515,4.041548642222238,500
16.850508428220195,0.17572693057779593,0.05439091721911105,2.885290569606818,3.7144607265744463,500
16.850508428220195,0.18670042893415909,0.05119076133219961,2.9896976783555163,3.603651678688364,500
16.850508428220195,0.19925370045442184,0.06267007531585735,2.7980696557322133,3.7933400205496888,500
16.850508428220195,0.1906431210810348,0.05588971317862985,2.7093404328630677,3.816265306673199,500
16.850508428220195,0.1935651644394981,0.0613104895470305,2.9630140073364304,3.919485084487551,500
16.850508428220195,0.1555398269590144,0.05938287682515954,2.7747165312752933,3.7702880978347166,500
16.850508428220195,0.1697532006502051,0.05303460204300362,2.712549834662902,3.8499156034181192,500
16.850508428220195,0.17211249209025056,0.04962645215161317,2.8836958298051405,3.93830440382438,500
16.850508428220195,0.16891203172248714,0.08616705705724319,2.843390089937015,3.6207873748051016,500
16.850508428220195,0.23295475257549525,0.07421632349814408,2.814356498768088,3.7822411475432034,500
16.850508428220195,0.18244977751866945,0.05445175630482787,2.937813587689819,4.153071367171582,500
16.850508428220195,0.19617557412482592,0.07728726663242552,2.924824633987276,3.676268483516143,500
16.850508428220195,0.17094380437546183,0.06201127913701506,2.8953347400408047,3.788121786435662,500
16.850508428220195,0.21647853855187035,0.04633001660949338,2.9680699965644504,4.052882070486706,500
16.850508428220195,0.17028802203323054,0.06483673458401626,2.976842288988347,3.732047385426256,500
16.850508428220195,0.16334586050407773,0.04830997976582163,2.6992925910100025,3.970205453561068,500
16.850508428220195,0.17141374910785015,0.1137289846540302,2.997459402915009,3.7975774499370143,500
16.850508428220195,0.20914373153464172,0.09720606129968055,2.882423374124611,3.81053858670624,500
16.850508428220195,0.16669343872337275,0.05929203113449161,2.789600843919188,3.7315654679844874,500
16.850508428220195,0.1917703579561343,0.08217351879189091,2.9666674131534436,3.9172057190378786,500
16.850508428220195,0.19341067179753887,0.08152563180210971,2.687181814490716,3.8631516987367256,500
16.850508428220195,0.17057857944934574,0.04488951036823168,2.690548852236639,4.085559103246639,500
16.850508428220195,0.2435981417709983,0.08942361042571285,2.8221241291983143,3.83728569089864,500
16.850508428220195,0.2342672453132176,0.05974870996940387,2.8673693630115715,3.6903393210343567,500
16.850508428220195,0.16440440132991843,0.093594739211507,2.9539936661163773,4.101070595118369,500
16.850508428220195,0.1407691568628979,0.11010464167113086,2.9116495115423784,3.646763323623884,500
16.850508428220195,0.18027768604367708,0.10679164797833926,2.880210543274644,3.756103624183854,500
16.850508428220195,0.19690093342049864,0.05025129520992669,2.846929331211095,3.6277388435511857,600
16.850508428220195,0.13152360199630692,0.06586375730123528,2.7841958652134866,3.8262866929670336,600
16.850508428220195,0.15949351008762072,0.07874907912505628,2.888058247070395,3.754488764262818,600
16.850508428220195,0.17761047324156973,0.04846137283018493,2.877782980302193,3.859990544408756,600
16.850508428220195,0.1663133545429156,0.04271230522200029,2.7859075858493845,3.8181448442373584,600
16.850508428220195,0.18283738287275017,0.06481046473139068,2.799300949127785,3.5357429135068172,600
16.850508428220195,0.17216507201091769,0.04789301476027591,2.904216915203576,4.0456984988951605,600
16.850508428220195,0.16997830828032448,0.04983919436367577,2.9208863891667263,3.999746062444525,600
16.850508428220195,0.17670080211601463,0.05139599097020755,2.7334726755582515,3.660144415550736,600
16.850508428220195,0.13874495417687782,0.04973985639104506,2.7700752236830715,3.7409062532531023,600
16.850508428220195,0.17834908282002335,0.05205959995310216,2.8942169913251754,3.6734443920415063,600
16.850508428220195,0.16747767254372492,0.04291696671275716,2.8637529197354783,3.718919281383504,600
16.850508428220195,0.17374076978793976,0.08223807944764365,2.9124153640904473,3.9633236484312584,600
16.850508428220195,0.14816048164663417,0.03657520310742757,2.8017215585400597,3.749298877835854,600
16.850508428220195,0.13940213967035114,0.06402643186652951,3.021144762438223,3.6872119515215447,600
16.850508428220195,0.16049994576971566,0.0368544343623975,2.8113933004978677,3.793187722215953,600
16.850508428220195,0.1727386024929923,0.06927909672677572,2.9292391636985116,3.68566455673105,600
16.850508428220195,0.16064815832159324,0.04604530124806641,2.7533591823599477,3.752205192467001,600
16.850508428220195,0.1505386691053708,0.0841948027107597,2.8843544678296005,3.826515751380118,600
16.850508428220195,0.1601257318576798,0.06642265504167141,2.898003365290468,3.7880404847700606,600
16.850508428220195,0.1412875615509208,0.04320854406642759,2.7015083269189244,3.743896609877766,600
16.850508428220195,0.14306312323008738,0.05862534556905808,2.821371154625076,3.970611144601259,600
16.850508428220195,0.22158394298489648,0.1419661178181658,2.9036174798427625,3.987704659975239,600
16.850508428220195,0.15132262251314527,0.04867658511509579,2.9354210674443273,3.71827400303644,600
16.850508428220195,0.15829010305933386,0.03655293152206159,2.8278471672759196,3.518004685771269,600
16.850508428220195,0.16727495419324806,0.05018429209077784,2.772373914570053,3.746730931955942,600
16.850508428220195,0.18396814329425135,0.0447170942482447,2.7606198440363214,3.8787734438659327,600
16.850508428220195,0.1824650049795732,0.05207570584475243,2.9572388044602085,3.856276182560262,600
16.850508428220195,0.15322534608577884,0.05033105579735673,2.7133686586560257,3.671760504910796,600
16.850508428220195,0.1442007250392505,0.04912608248509279,2.68243195153709,3.955622597933476,600
16.850508428220195,0.1510839492047837,0.04700730097548415,2.8292075512242345,3.902589033246608,600
16.850508428220195,0.1595831605130414,0.08953537246106559,2.8871489188752264,3.5528922326704624,600
16.850508428220195,0.15874660003970445,0.05925662973862887,2.8083743665235916,3.73979857213296,600
16.850508428220195,0.13615408291350423,0.0482474771176305,2.8633956223847306,3.8698596841920456,600
16.850508428220195,0.1624349024755313,0.0648125823662683,2.9396218301406183,3.6486434067912255,600
16.850508428220195,0.13355726722454625,0.05574476405812138,2.8849833190401237,3.7181720925993984,600
16.850508428220195,0.16694273626260953,0.05805561130707995,2.9436275782125425,3.891812864524473,600
16.850508428220195,0.15041706368423785,0.04877650734196479,2.8342844189184357,3.5056848806943335,600
16.850508428220195,0.16129141790642687,0.04026035185487584,2.6851009174017135,3.9079789262544864,600
16.850508428220195,0.14686682825796546,0.08734132793751409,3.008436426666632,3.741249085467316,600
16.850508428220195,0.16981015879601832,0.07041836653479654,2.8274079350182983,3.760540508155212,600
16.850508428220195,0.19371216965351967,0.04521523731219109,2.8401459405975378,3.689746030199009,600
16.850508428220195,0.14142555634127688,0.07127512546793893,2.913333243569257,3.846144738611817,600
16.850508428220195,0.14633506438190164,0.06554209008216456,2.6957835062576216,3.785041529131471,600
16.850508428220195,0.14679280686710652,0.03900667277309976,2.736108055864422,4.024109198365221,600
16.850508428220195,0.18812074175575183,0.06466057766312588,2.87928793224966,3.8595279344085625,600
16.850508428220195,0.1904272103288304,0.04697587860679715,2.824452108273124,3.713227443682036,600
16.850508428220195,0.16757669812018405,0.0803588029239233,2.9372756907186877,4.086164902888052,600
16.850508428220195,0.1448419200846766,0.09608060011718604,2.8204033207033787,3.532342869781229,600
16.850508428220195,0.1622649439440571,0.08862860247687265,2.823816119180938,3.773048439647515,600
16.850508428220195,0.15904364407681693,0.04046072450130317,2.858826108217584,3.6958181825620273,700
16.850508428220195,0.131212671891619,0.05741087589382489,2.7348908665263862,3.7200442778071143,700
16.850508428220195,0.1491088065954522,0.07144127253311226,2.936030553996187,3.763166938169865,700
16.850508428220195,0.15519642568534123,0.04080997067595071,2.865305251954271,3.888388941333547,700
16.850508428220195,0.17434610096614162,0.1003790045809062,2.762521962018367,3.842639374755712,700
16.850508428220195,0.15846075693179393,0.05064642081881444,2.750985552669051,3.592310355005239,700
16.850508428220195,0.15081765062945418,0.03718240242946548,2.8684351890408952,3.960822060215209,700
16.850508428220195,0.13665289456124616,0.04296126571365435,2.812012976065011,4.115807299908308,700
16.850508428220195,0.15848389090882378,0.04779611140205431,2.6933489085266973,3.659179853155507,700
16.850508428220195,0.12718317713264415,0.04573287837721643,2.7416284650361673,3.5809777833536156,700
16.850508428220195,0.160352598227622,0.04602100819757397,2.8980838260161317,3.629191425284143,700
16.850508428220195,0.1611290660239431,0.03627330466169243,2.9057141221853446,3.776345975661533,700
16.850508428220195,0.14060452301686122,0.07239135847022984,2.972001247517195,3.869051528398117,700
16.850508428220195,0.13601231668336414,0.03073065757505344,2.7986324364283393,3.795463424875102,700
16.850508428220195,0.1263522090421685,0.06164016330237504,2.790206515171383,3.79457283389532,700
16.850508428220195,0.14866847287933116,0.0317855470272109,2.815411318962206,3.796661932721307,700
16.850508428220195,0.14504533026578492,0.0649092877332462,2.847063008892065,3.644164577658776,700
16.850508428220195,0.14119785120454847,0.03994840332979892,2.736469105703854,3.816277553916555,700
16.850508428220195,0.14630865218720387,0.08601742431745997,2.9184586795464833,3.869328944657324,700
16.850508428220195,0.14535522485550204,0.05321704007434701,2.9635464277303414,3.752433424760864,700
16.850508428220195,0.1376150402092172,0.03925568227807083,2.7286185012863013,3.710080522840682,700
16.850508428220195,0.12906331586466394,0.04641408411325747,2.823643730879937,3.831059173985973,700
16.850508428220195,0.14333800638351823,0.11156131847807615,2.776221659348939,3.8643208539203946,700
16.850508428220195,0.12102492211333152,0.03755093148221515,2.8695454263075546,3.759290973946145,700
16.850508428220195,0.14681054339125818,0.03667459623507257,3.1497289864375055,3.578761196760789,700
16.850508428220195,0.15748448683570893,0.04107914559090336,2.6735651878065556,3.6715474999552664,700
16.850508428220195,0.24979451132589484,0.0337571046097366,2.790808666812997,3.775679290971528,700
16.850508428220195,0.14764491118674924,0.03858439477022227,2.969684514998246,3.847970150465083,700
16.850508428220195,0.13342116537003867,0.04692760115590853,2.7103776786466875,3.76480020506277,700
16.850508428220195,0.13283962202638697,0.04589209061001013,2.6862540303104643,3.992372123896458,700
16.850508428220195,0.13515101293151568,0.03630181069542131,2.848628419105831,3.835305126979699,700
16.850508428220195,0.1867031148970944,0.07260074769057429,2.84411077965885,3.64019344295348,700
16.850508428220195,0.15495530963281914,0.04838662804587892,2.8005496824986102,3.7468332617680056,700
16.850508428220195,0.12227841577949491,0.04504312833935201,2.8351907519884274,3.842122335076583,700
16.850508428220195,0.15262719117441992,0.06104933350672931,2.977213922475598,3.5890497741386067,700
16.850508428220195,0.13414019824136417,0.04668601412253826,2.861320292117409,3.675293084716559,700
16.850508428220195,0.1415793953461291,0.05115521774036179,2.8828631279902015,3.846375462369334,700
16.850508428220195,0.1397419332103804,0.04081717598511076,2.8269091303153755,3.6214677434774942,700
16.850508428220195,0.1358685288984222,0.03246372649861056,2.767062276727685,3.955267963719837,700
16.850508428220195,0.13406800260402169,0.07901095194097245,3.02327014283887,3.779070985168101,700
16.850508428220195,0.1511782504694444,0.0729542495640675,2.7553581139836685,3.7735933996745903,700
16.850508428220195,0.12279544470043184,0.03102404882935772,2.831056942937791,3.6914608471820567,700
16.850508428220195,0.1275400122848685,0.06042958205721915,2.9027214884299113,3.8649156856429503,700
16.850508428220195,0.1265711667293931,0.05274202807864903,2.6846624953927085,3.7631534657378194,700
16.850508428220195,0.1195022252886283,0.03603805113428098,2.7307492795874464,3.9408748032716865,700
16.850508428220195,0.1456677475906765,0.0561608674926607,2.897207776783872,3.769649969784086,700
16.850508428220195,0.1745132421265322,0.0594688925239009,2.814813675665497,3.797431276064815,700
16.850508428220195,0.1647110340727017,0.0653978653094651,2.9112666945396635,4.020917280953769,700
16.850508428220195,0.12782769720083345,0.07526647453333894,2.814960166030964,3.526810939355503,700
16.850508428220195,0.1459444283131932,0.07459929394970083,2.7861722259065793,3.742294072865395,700
16.762773580989506,0.14901370428786878,0.04056379887772399,2.8236899898205863,3.624598968072149,800
16.762773580989506,0.1662279498592778,0.05250883373219882,2.7036644677636965,3.631368697856158,800
16.762773580989506,0.139584841929536,0.05681491516158628,2.872252900087769,3.7897695459330927,800
16.762773580989506,0.1372880127033142,0.03140519592906248,2.803321542003019,3.741304461454685,800
16.762773580989506,0.15256054173052208,0.08632256134763439,2.745895207931033,3.754845870474071,800
16.762773580989506,0.14106866670678284,0.03948017756562568,2.7073368999381344,3.5780436275688663,800
16.762773580989506,0.13410755512764308,0.03702701459759929,2.81129159905038,3.906293457889488,800
16.762773580989506,0.11800305897395526,0.0508049170562293,2.7799150506675274,4.245377014237469,800
16.762773580989506,0.1594132042393398,0.07004664837314334,2.6459021464294636,3.574942204831045,800
16.762773580989506,0.11594239166890116,0.04448716491548916,2.757407691516529,3.583495558350544,800
16.762773580989506,0.14201984127938524,0.03212973668349643,2.946986266523817,3.557299897177671,800
16.762773580989506,0.13575085404424367,0.05708042907608817,2.8206891839271404,3.8062090854092334,800
16.762773580989506,0.120733362494458,0.06342915735294032,2.8315458581116073,3.894465606833604,800
16.762773580989506,0.12867132901381645,0.02836650015075394,2.774666783509729,3.714596079775903,800
16.762773580989506,0.11538302762996187,0.05241707568808159,2.7942307441026304,3.723670136676627,800
16.762773580989506,0.13853832136939012,0.03215257897331614,2.7441331697490745,3.7841355911415033,800
16.762773580989506,0.12700888492611467,0.05718103652085634,2.8645465929998957,3.687041422793477,800
16.762773580989506,0.13382853657493088,0.03069968003741565,2.7250237071618297,3.756042323173104,800
16.762773580989506,0.1258151217804175,0.05822981626204766,2.835483323213811,3.8465910972208497,800
16.762773580989506,0.12941574346255658,0.04656293823151464,2.886895805388421,3.797836059548549,800
16.762773580989506,0.12773554244082208,0.03549377329373419,2.642987735823378,3.633662612716048,800
16.762773580989506,0.116274747139976,0.03918822707784009,2.7593603635616617,3.761143255084444,800
16.762773580989506,0.12331887201635695,0.0757361179836101,2.762331712074757,3.8091057467116394,800
16.762773580989506,0.1089413505405096,0.03129278716661483,2.84139199881475,3.756030177803123,800
16.762773580989506,0.1425840367123573,0.03463007335725279,2.908881206030965,3.5748125947995204,800
16.762773580989506,0.1562885923800348,0.03895852023916651,2.678817117200937,3.690794012478268,800
16.762773580989506,0.14374252631035997,0.02616250480548691,2.7638656637149985,3.707876190768565,800
16.762773580989506,0.1385666121881474,0.03544300613146637,2.9132907403957544,3.905490015206044,800
16.762773580989506,0.1297901145894922,0.03838938911526467,2.630291162882958,3.737256456666117,800
16.762773580989506,0.13161306917706936,0.04662484009015366,2.700795985213967,3.9875190026039498,800
16.762773580989506,0.1254929204777334,0.035385258083050083,2.798794159706715,3.904065131653819,800
16.762773580989506,0.1225923156129024,0.05053574148410077,2.793120126041339,3.651753921951597,800
16.762773580989506,0.1286543869430684,0.04222387585841831,2.7657852503401053,3.697112883154299,800
16.762773580989506,0.11092969127634786,0.04798091151630564,2.8704336197584523,3.7694623989825815,800
16.762773580989506,0.15853485425780364,0.05954786135166215,2.856949051816174,3.6261874277692754,800
16.762773580989506,0.11600442587067472,0.04349942948868066,2.8859578650578785,3.637562165174864,800
16.762773580989506,0.13047759657139343,0.04367177441403124,2.807898795032726,3.816209532415935,800
16.762773580989506,0.1601491124815695,0.04062570132711602,2.7782643829384104,3.575786457183414,800
16.762773580989506,0.132510424549907,0.03310210579272352,2.7135007150320813,3.932265512060588,800
16.762773580989506,0.13032364734002205,0.06931984710065169,3.0441281200491597,3.9028653328280978,800
16.762773580989506,0.14456152753802612,0.05552151991297396,2.6876113801925143,3.693393378164577,800
16.762773580989506,0.10540704702666784,0.02722533218635853,2.695051069809975,3.6300848269116663,800
16.762773580989506,0.1050985057725888,0.05060951825572662,2.887631927863079,3.7426693125970183,800
16.762773580989506,0.11289581102756284,0.04326979640944076,2.6610870518425624,3.723999190300113,800
16.762773580989506,0.1180141281264384,0.03863558844154999,2.6076082406129726,3.87703307104839,800
16.762773580989506,0.14496263087784675,0.05300705367856481,2.8658411125084933,3.901076495962089,800
16.762773580989506,0.14427196070957676,0.03941276078046144,2.7303605961448754,3.813596683630922,800
16.762773580989506,0.13412762629232802,0.05038620683673488,2.7945546978115243,3.935407372085553,800
16.762773580989506,0.1332171104413454,0.03344490937898044,2.8429226466251545,3.609087853950767,900
16.762773580989506,0.11226753660854125,0.04745821283284631,2.7056851063211305,3.5742527511692512,900
16.762773580989506,0.12440077372003495,0.05060139368653716,2.8804302808965323,3.7710036980772585,900
16.762773580989506,0.12807032569113602,0.02547866728977353,2.7587006891024326,3.743879974098072,900
16.762773580989506,0.11898551986743476,0.08697111584158858,2.7541460498329484,3.710239894758612,900
16.762773580989506,0.12762543783206037,0.03383788542356175,2.9894636013046294,3.6245653570250624,900
16.762773580989506,0.1297592227639396,0.03958091617601609,2.808827496498511,3.984070537820291,900
16.762773580989506,0.11395109156028815,0.03967333765064254,2.7413634486065663,4.161366331674806,900
16.762773580989506,0.15158468893129268,0.05825169357469352,2.6368879643149303,3.499587572534976,900
16.762773580989506,0.11925017430378222,0.0417652510338754,2.7381323421350574,3.574647411293045,900
16.762773580989506,0.12221393356870476,0.02635167642695294,2.944053739905329,3.512622147393003,900
16.762773580989506,0.1120582228181962,0.05594092993082766,2.794817378415458,3.799386601130166,900
16.762773580989506,0.10535639424677244,0.05083126670201655,2.8275467683254254,3.781666765736152,900
16.762773580989506,0.11185598287573129,0.02017535128285805,2.730974616131987,3.709730037085316,900
16.762773580989506,0.10748807610316208,0.04635991276761125,2.8169648877805025,3.685576815255552,900
16.762773580989506,0.13460442362116817,0.02942303949917656,2.7229461949122085,3.6484982842674056,900
16.762773580989506,0.11302968918337548,0.04894483191874949,2.785158262417249,3.6028868072476543,900
16.762773580989506,0.1272578544268187,0.03111704154294569,2.742522231914395,3.77004061636155,900
16.762773580989506,0.12365461030276942,0.0529210783661263,2.852860100934062,3.8309107579152575,900
16.762773580989506,0.11921060230338236,0.03849154661709461,2.9045719167530795,3.731930439012974,900
16.762773580989506,0.1166452211967796,0.03452863397151335,2.6436814613819535,3.5276057001236354,900
16.762773580989506,0.11536245317317252,0.03537748509658286,2.781374219250658,3.7340475688049546,900
16.762773580989506,0.10313468246060202,0.06842599955310977,2.823709179704743,3.848341620124919,900
16.762773580989506,0.10588104991801196,0.02617712691593831,2.85022878304969,3.7686494500843977,900
16.762773580989506,0.12786302135834457,0.03009512979759837,2.9368187005184527,3.574430732708386,900
16.762773580989506,0.13450803603253095,0.03451448494840747,2.695955917192486,3.7483036860765298,900
16.762773580989506,0.10847735000413744,0.02000517669137964,2.7146844194997852,3.669001478544116,900
16.762773580989506,0.12028232972596518,0.02945718336383727,2.9209802291763034,3.9286763731613448,900
16.762773580989506,0.12286182270123876,0.0364424013244591,2.657724219134767,3.6847154118179506,900
16.762773580989506,0.11026995838723536,0.04112826750722229,2.719378893547496,3.9836547662552504,900
16.762773580989506,0.1242168350822758,0.06226377766295205,2.73671540556551,3.878807879189551,900
16.762773580989506,0.12671746548381307,0.04870248796673183,2.7788589301423103,3.656983705680717,900
16.762773580989506,0.11905681596458,0.03787182053501654,2.752931606218762,3.622319139384961,900
16.762773580989506,0.1048126374282521,0.0411541390459215,2.8597597632519287,3.7326926864336345,900
16.762773580989506,0.14312345378883212,0.05098224828416831,2.836205339111135,3.682643252063551,900
16.762773580989506,0.11089157425601662,0.03936500288256959,2.7832620248584776,3.600898694493787,900
16.762773580989506,0.12172551140627,0.03806028917927701,2.7671142782061584,3.7968328466429337,900
16.762773580989506,0.11418631335443968,0.03525541478050899,2.7951800399093334,3.5971255328718916,900
16.762773580989506,0.11224107509922064,0.031229790071777,2.677774600603275,3.950045097254917,900
16.762773580989506,0.12896908401775284,0.06159229948967199,3.043326510072693,3.814601593161926,900
16.762773580989506,0.134667951151728,0.05070766589415907,2.6893213068162067,3.6749369923576034,900
16.762773580989506,0.10273655643000083,0.02273289040842948,2.776364597568432,3.691167906517335,900
16.762773580989506,0.0910777563324654,0.04607632454438284,2.846721397538565,3.6919006487205968,900
16.762773580989506,0.1109646674822794,0.03877297496272451,2.661214271652171,3.756643731363686,900
16.762773580989506,0.11085695579210685,0.03387274783487352,2.649913243632516,3.8870219468418,900
16.762773580989506,0.1298851991128949,0.04929589308204614,2.901374687459716,3.825559262699699,900
16.762773580989506,0.1390107116374533,0.03497022348892509,2.761437900116684,3.864312413827464,900
16.762773580989506,0.11916050324309606,0.03965731764883078,2.796879965706852,3.901310854505676,900
16.850508428220195,0.1192500433809061,0.04004506130725709,2.8422240299893,3.646089768816375,1000
16.850508428220195,0.10308948216010017,0.04094352795111884,2.6842107699409135,3.479684818938825,1000
16.850508428220195,0.10469391213811068,0.04823539941189083,2.8977535811844324,3.757013383145242,1000
16.850508428220195,0.11162265407860043,0.02263093964897053,2.8099453150830733,3.791924555101264,1000
16.850508428220195,0.11783686506134994,0.06408633876436892,2.7233002211024084,3.7044738004542057,1000
16.850508428220195,0.11514565451300536,0.03085322094527169,2.7246932010211293,3.6296348188055862,1000
16.850508428220195,0.1895385663284359,0.03908966289226646,2.8431990264441147,3.980044517922411,1000
16.850508428220195,0.0991117306312888,0.0367187257809006,2.8132877188694967,4.088466939750398,1000
16.850508428220195,0.14703151552283078,0.04902882305752169,2.660835381737279,3.551564283782307,1000
16.850508428220195,0.10754522215190948,0.03417891659490815,2.7744613964882303,3.547685017128124,1000
16.850508428220195,0.11635055729112428,0.03249752133010809,2.904771966287554,3.5873924745100236,1000
16.850508428220195,0.10161155102466282,0.04661608155049535,2.835321249898146,3.844899794750744,1000
16.850508428220195,0.10797577217554127,0.04176963494033398,2.8760962994247183,3.748530939187556,1000
16.850508428220195,0.11074823960760014,0.01972051928357017,2.7420588740587557,3.675543703082778,1000
16.850508428220195,0.10436159812735386,0.03747152405110884,2.838568774675173,3.6410429706793126,1000
16.850508428220195,0.1123958062932774,0.02179966304704446,2.9970417720758817,3.6809958869169583,1000
16.850508428220195,0.10982886640156614,0.04543630079984835,2.818454286934088,3.594657225155551,1000
16.850508428220195,0.11268194358078104,0.03578006394716399,2.713365057282029,3.8106437265981183,1000
16.850508428220195,0.12072611739599431,0.06107080080601527,2.871446698629244,3.8664666044956255,1000
16.850508428220195,0.09546105756754712,0.0355310611984116,2.9427020087583298,3.627518745690824,1000
16.850508428220195,0.11790737674637594,0.03219658541521281,2.7122512977640416,3.5561588033196347,1000
16.850508428220195,0.13047147510150733,0.02951593666822679,2.8268622274836943,3.694092864062679,1000
16.850508428220195,0.11169662984916168,0.06958981901223937,2.8313670279398013,3.890860187119499,1000
16.850508428220195,0.09912518991005718,0.02338735703865194,2.877153783044623,3.7555577359858705,1000
16.850508428220195,0.1913543006283669,0.02444695821843397,2.905129906420116,3.5995046508303385,1000
16.850508428220195,0.10646489615470714,0.03255930770195271,2.7169294510147837,3.749341648773711,1000
16.850508428220195,0.10991030890062475,0.02175000040546417,2.7706864982187622,3.746459191214424,1000
16.850508428220195,0.1101998556113902,0.0262918672474185,2.901053751307059,3.843830674293967,1000
16.850508428220195,0.10781511642849954,0.03507605230469354,2.7054888661884657,3.768696217840491,1000
16.850508428220195,0.11281999615322076,0.0392314422010965,2.756312555368608,3.977922789648237,1000
16.850508428220195,0.10959600668261532,0.04797875363666452,2.754426987551835,3.958993177433563,1000
16.850508428220195,0.10123231374420738,0.04998918072814612,2.7654572467160308,3.5249410386018587,1000
16.850508428220195,0.11288112418605062,0.03445943207085596,2.776198755565801,3.698415363095748,1000
16.850508428220195,0.1018652185215894,0.0402753324984114,2.8454916739307747,3.675302335318931,1000
16.850508428220195,0.11982312323949355,0.04370217847687295,2.7678369811633305,3.6117740619980783,1000
16.850508428220195,0.09565027798043846,0.02969645786685142,2.852447598127712,3.69653983788365,1000
16.850508428220195,0.10284884393332308,0.03653101427883174,2.7791529400311075,3.778073442231656,1000
16.850508428220195,0.10510188511887616,0.03040613461231024,2.800972367284807,3.686797361362919,1000
16.850508428220195,0.09623332705986894,0.0254291563844591,2.71012791286388,3.9452645061593934,1000
16.850508428220195,0.1108315061900948,0.05536505678672292,3.05134563402389,3.702903100638371,1000
16.850508428220195,0.1229945998715936,0.04216138532651199,2.73877048852397,3.6012291748678966,1000
16.850508428220195,0.10027052590190796,0.0239793055397655,2.8144990048276854,3.826639824042391,1000
16.850508428220195,0.09243456880258875,0.03693892788010125,2.8687846814210554,3.7253299753105495,1000
16.850508428220195,0.10088791718645149,0.04199418567391302,2.691697485262379,3.757886677019537,1000
16.850508428220195,0.09365979070638449,0.02372370737810499,2.6962878708790528,3.840872912325447,1000
16.850508428220195,0.11665887765879876,0.03660004626538907,2.9528167665036733,3.85573193047539,1000
16.850508428220195,0.1313488228864018,0.03083393488660264,2.8456998485024765,3.8757838397100057,1000
16.850508428220195,0.11546394285028348,0.03946719227667407,2.7510196386423753,3.8884576870510106,1000
16.850508428220195,0.10070276971044596,0.05267338963573222,2.8487542333849905,3.4749850354689777,1000
16.850508428220195,0.1057550967140477,0.04323251273869936,2.869014084307887,3.654927532104783,1000
